schedule,serial_steps,threads,rep,serial_ms,parallel_ms,total_ms
static,2040000,4,0,5.486,4.986,10.473
static,322000,7,0,0.826,3.106,3.932
static,322000,8,0,0.827,3.150,3.978
static,2040000,3,0,5.355,6.607,11.962
static,680000,1,0,1.859,15.706,17.565
static,2040000,6,0,5.102,5.315,10.417
static,680000,4,0,1.764,4.660,6.424
static,322000,2,0,0.764,7.651,8.415
static,680000,6,0,1.543,3.198,4.741
static,322000,6,0,0.841,2.862,3.703
static,322000,1,0,0.835,13.473,14.308
static,322000,3,0,0.666,4.715,5.380
static,2040000,8,0,4.262,2.413,6.675
static,322000,5,0,0.649,3.122,3.771
static,680000,7,0,1.343,2.289,3.631
static,2040000,1,0,4.114,11.970,16.085
static,680000,3,0,1.262,4.329,5.591
static,322000,4,0,0.597,4.661,5.258
static,680000,2,0,1.236,6.969,8.204
static,680000,8,0,1.240,2.396,3.636
static,680000,5,0,1.239,2.841,4.080
static,2040000,2,0,3.858,7.714,11.572
static,2040000,7,0,3.854,2.155,6.009
static,2040000,5,0,3.839,3.077,6.917
static,322000,4,1,0.713,3.542,4.255
static,2040000,4,1,3.721,4.331,8.052
static,680000,8,1,1.418,1.867,3.285
static,322000,8,1,0.588,1.777,2.365
static,680000,2,1,1.358,7.569,8.927
static,2040000,6,1,3.844,2.881,6.724
static,2040000,3,1,3.842,5.081,8.923
static,2040000,8,1,3.847,2.539,6.386
static,680000,3,1,1.379,4.664,6.042
static,322000,5,1,0.586,2.874,3.460
static,680000,7,1,1.244,2.482,3.727
static,2040000,2,1,3.859,6.966,10.825
static,2040000,5,1,3.729,3.568,7.296
static,322000,7,1,0.723,2.207,2.930
static,322000,6,1,0.591,2.397,2.988
static,680000,4,1,1.240,4.016,5.256
static,322000,2,1,0.718,6.959,7.676
static,2040000,7,1,3.843,2.482,6.325
static,322000,3,1,0.588,4.660,5.248
static,680000,1,1,1.379,11.288,12.666
static,2040000,1,1,3.837,11.456,15.293
static,680000,5,1,1.381,2.366,3.746
static,322000,1,1,0.716,11.496,12.212
static,680000,6,1,1.377,2.726,4.103
static,680000,6,2,1.253,2.338,3.590
static,322000,1,2,0.595,11.295,11.890
static,2040000,8,2,3.855,1.901,5.756
static,680000,5,2,1.239,2.823,4.062
static,322000,3,2,0.588,4.655,5.243
static,2040000,4,2,3.730,4.374,8.104
static,322000,2,2,0.593,6.949,7.542
static,2040000,6,2,3.730,2.114,5.844
static,680000,7,2,1.241,2.758,3.998
static,322000,6,2,0.585,2.379,2.964
static,322000,4,2,0.588,3.500,4.088
static,680000,8,2,1.240,1.872,3.112
static,322000,5,2,0.588,2.851,3.439
static,680000,2,2,1.239,6.966,8.205
static,322000,7,2,0.584,2.117,2.701
static,2040000,7,2,3.853,2.747,6.601
static,2040000,1,2,3.858,11.524,15.382
static,680000,4,2,1.355,3.497,4.853
static,680000,3,2,1.253,4.638,5.891
static,2040000,5,2,3.852,2.618,6.470
static,2040000,2,2,3.838,7.332,11.170
static,680000,1,2,1.355,11.449,12.803
static,2040000,3,2,3.852,4.337,8.188
static,322000,8,2,0.589,1.873,2.463
static,2040000,1,3,3.856,11.323,15.178
static,322000,8,3,0.706,1.915,2.620
static,2040000,3,3,3.846,4.675,8.520
static,680000,1,3,1.367,11.310,12.677
static,2040000,2,3,3.724,6.333,10.057
static,322000,5,3,0.584,2.887,3.471
static,680000,6,3,1.241,2.999,4.239
static,2040000,6,3,3.863,2.873,6.735
static,322000,7,3,0.589,3.388,3.977
static,680000,7,3,1.239,2.464,3.703
static,680000,4,3,1.239,3.506,4.745
static,322000,1,3,0.588,11.449,12.037
static,322000,6,3,0.589,2.259,2.848
static,322000,2,3,0.588,6.984,7.572
static,2040000,8,3,3.870,2.105,5.976
static,322000,4,3,0.598,3.545,4.143
static,2040000,5,3,3.832,4.326,8.158
static,680000,2,3,1.246,6.387,7.633
static,680000,8,3,1.245,1.919,3.164
static,680000,3,3,1.251,4.645,5.896
static,680000,5,3,1.240,3.459,4.699
static,2040000,7,3,3.851,2.361,6.212
static,2040000,4,3,3.875,3.510,7.385
static,322000,3,3,0.589,4.652,5.241
static,2040000,1,4,3.857,11.424,15.281
static,680000,8,4,1.241,2.095,3.336
static,322000,5,4,0.587,2.838,3.425
static,322000,2,4,0.585,6.954,7.539
static,2040000,4,4,3.844,3.560,7.404
static,2040000,3,4,3.840,5.175,9.015
static,2040000,7,4,3.846,2.880,6.726
static,680000,2,4,1.254,6.978,8.232
static,680000,4,4,1.236,3.536,4.773
static,2040000,6,4,3.851,3.057,6.908
static,2040000,5,4,3.868,3.312,7.180
static,322000,3,4,0.604,4.670,5.274
static,322000,6,4,0.591,2.431,3.022
static,680000,6,4,1.241,2.791,4.031
static,322000,8,4,0.589,2.263,2.852
static,2040000,2,4,3.863,7.451,11.314
static,680000,3,4,1.255,5.501,6.755
static,680000,5,4,1.408,3.338,4.746
static,680000,1,4,1.248,11.625,12.873
static,322000,7,4,0.584,2.236,2.820
static,322000,1,4,0.596,11.593,12.189
static,2040000,8,4,3.862,2.288,6.150
static,680000,7,4,1.375,2.476,3.851
static,322000,4,4,0.588,3.269,3.857
static,680000,8,5,1.247,1.839,3.086
static,322000,6,5,0.716,2.347,3.063
static,2040000,5,5,3.850,3.320,7.170
static,680000,6,5,1.241,2.878,4.119
static,2040000,7,5,3.845,3.192,7.038
static,322000,4,5,0.588,3.506,4.094
static,680000,5,5,1.239,3.347,4.586
static,322000,1,5,0.587,11.469,12.057
static,680000,7,5,1.360,2.523,3.883
static,2040000,2,5,3.849,5.933,9.782
static,322000,2,5,0.586,6.954,7.539
static,322000,8,5,0.585,1.908,2.493
static,2040000,3,5,3.866,5.033,8.899
static,2040000,8,5,3.856,2.072,5.928
static,322000,5,5,0.585,2.805,3.390
static,322000,3,5,0.586,4.635,5.221
static,680000,4,5,1.260,4.674,5.934
static,680000,3,5,1.240,5.132,6.372
static,2040000,4,5,3.877,4.713,8.589
static,680000,1,5,1.237,11.704,12.941
static,2040000,6,5,3.874,2.627,6.501
static,2040000,1,5,3.877,11.643,15.520
static,322000,7,5,0.595,2.426,3.022
static,680000,2,5,1.258,5.750,7.008
static,322000,5,6,0.723,2.873,3.596
static,2040000,1,6,3.868,11.648,15.516
static,2040000,5,6,3.866,2.817,6.683
static,322000,2,6,0.586,5.793,6.379
static,322000,3,6,0.591,5.941,6.532
static,322000,4,6,1.047,4.526,5.573
static,680000,3,6,1.240,4.636,5.876
static,2040000,8,6,3.846,2.508,6.354
static,680000,1,6,1.240,11.489,12.729
static,680000,8,6,1.243,1.868,3.111
static,2040000,2,6,3.867,6.966,10.834
static,680000,7,6,1.253,2.241,3.494
static,680000,2,6,1.255,5.767,7.022
static,680000,6,6,1.254,2.523,3.777
static,680000,4,6,1.267,3.504,4.770
static,2040000,6,6,3.856,2.415,6.271
static,322000,7,6,0.591,3.347,3.938
static,2040000,7,6,3.869,2.202,6.071
static,680000,5,6,1.374,3.310,4.684
static,2040000,4,6,3.862,3.857,7.719
static,322000,8,6,0.715,2.170,2.886
static,2040000,3,6,3.900,5.054,8.954
static,322000,6,6,0.715,2.454,3.169
static,322000,1,6,0.720,11.555,12.275
static,322000,2,7,0.727,5.833,6.560
static,322000,6,7,0.590,2.662,3.252
static,680000,3,7,1.239,4.380,5.619
static,2040000,3,7,3.858,4.735,8.593
static,2040000,4,7,3.858,4.298,8.156
static,2040000,8,7,3.840,2.728,6.567
static,322000,3,7,0.728,4.653,5.380
static,680000,7,7,1.240,2.507,3.747
static,680000,5,7,1.241,3.372,4.613
static,322000,7,7,0.591,2.089,2.680
static,680000,1,7,1.254,11.712,12.966
static,2040000,2,7,3.872,5.906,9.778
static,680000,8,7,1.256,1.996,3.252
static,2040000,1,7,3.876,11.823,15.699
static,2040000,5,7,3.865,2.870,6.735
static,322000,8,7,0.594,1.893,2.487
static,2040000,7,7,3.875,2.199,6.074
static,680000,6,7,1.382,2.804,4.186
static,2040000,6,7,3.742,2.735,6.477
static,680000,2,7,1.373,5.862,7.235
static,322000,1,7,0.590,11.727,12.317
static,322000,5,7,0.589,3.168,3.757
static,322000,4,7,0.585,3.493,4.079
static,680000,4,7,1.370,3.501,4.871
static,2040000,5,8,3.741,4.415,8.156
static,322000,2,8,0.607,5.688,6.295
static,322000,7,8,0.589,3.526,4.114
static,680000,4,8,1.548,3.502,5.050
static,680000,7,8,1.246,2.054,3.300
static,322000,3,8,0.598,3.863,4.461
static,680000,1,8,1.241,11.446,12.688
static,322000,5,8,0.587,3.265,3.852
static,680000,6,8,1.240,2.897,4.137
static,2040000,7,8,3.865,3.654,7.519
static,680000,5,8,1.239,2.816,4.055
static,2040000,6,8,3.857,3.635,7.492
static,680000,2,8,1.240,7.447,8.687
static,322000,1,8,0.586,11.422,12.008
static,322000,6,8,0.588,2.626,3.214
static,2040000,4,8,3.852,3.500,7.353
static,2040000,8,8,3.842,2.377,6.219
static,2040000,3,8,3.842,4.166,8.008
static,322000,8,8,0.601,1.857,2.458
static,2040000,1,8,3.875,11.407,15.282
static,680000,3,8,1.355,4.280,5.635
static,322000,4,8,0.595,4.744,5.339
static,2040000,2,8,3.855,5.932,9.787
static,680000,8,8,1.241,1.916,3.157
static,322000,4,9,0.734,3.503,4.237
static,322000,5,9,0.596,3.496,4.092
static,2040000,2,9,3.866,7.471,11.337
static,2040000,6,9,3.837,2.426,6.264
static,680000,6,9,1.364,2.331,3.695
static,680000,8,9,1.367,2.494,3.861
static,2040000,1,9,3.868,11.652,15.521
static,2040000,8,9,3.876,1.823,5.700
static,680000,4,9,1.254,3.249,4.503
static,680000,2,9,1.243,6.952,8.195
static,322000,6,9,0.584,2.426,3.010
static,322000,7,9,0.597,3.276,3.874
static,322000,8,9,0.587,2.934,3.521
static,322000,2,9,0.587,6.992,7.579
static,322000,1,9,0.593,11.663,12.256
static,322000,3,9,0.586,4.834,5.420
static,680000,1,9,1.382,11.302,12.684
static,680000,7,9,1.362,2.216,3.578
static,2040000,5,9,3.850,3.683,7.533
static,680000,3,9,1.384,4.657,6.040
static,2040000,3,9,3.861,5.233,9.095
static,2040000,7,9,3.868,3.125,6.993
static,680000,5,9,1.238,2.810,4.048
static,2040000,4,9,3.872,3.619,7.491
static,2040000,7,10,3.873,3.283,7.156
static,2040000,6,10,3.863,2.763,6.626
static,680000,4,10,1.257,3.861,5.118
static,2040000,5,10,3.865,4.202,8.067
static,322000,8,10,0.595,2.356,2.951
static,2040000,4,10,3.868,3.941,7.809
static,680000,8,10,1.242,2.037,3.279
static,680000,7,10,1.243,2.234,3.477
static,680000,6,10,1.248,2.446,3.694
static,2040000,8,10,3.880,2.425,6.306
static,680000,3,10,1.391,4.655,6.046
static,322000,5,10,0.585,2.860,3.445
static,322000,7,10,0.585,2.084,2.669
static,322000,2,10,0.589,6.988,7.577
static,322000,4,10,0.589,3.606,4.195
static,2040000,2,10,3.871,7.438,11.309
static,2040000,1,10,3.876,11.576,15.452
static,680000,2,10,1.408,5.861,7.269
static,680000,1,10,1.381,11.484,12.866
static,322000,1,10,0.589,11.669,12.258
static,322000,6,10,0.596,2.591,3.187
static,322000,3,10,0.597,3.919,4.516
static,2040000,3,10,3.873,5.248,9.121
static,680000,5,10,1.241,2.887,4.127
static,322000,3,11,0.585,4.665,5.250
static,322000,4,11,0.589,6.174,6.762
static,2040000,5,11,3.885,3.455,7.340
static,322000,2,11,0.587,6.964,7.551
static,322000,7,11,0.584,2.212,2.796
static,680000,5,11,1.244,2.808,4.052
static,680000,8,11,1.240,2.392,3.632
static,2040000,4,11,3.865,3.493,7.357
static,2040000,1,11,3.866,11.578,15.444
static,322000,6,11,0.595,2.690,3.284
static,2040000,7,11,3.871,3.331,7.202
static,322000,5,11,0.598,3.094,3.692
static,680000,2,11,1.258,5.753,7.011
static,2040000,6,11,3.877,3.083,6.960
static,680000,6,11,1.373,2.862,4.234
static,680000,3,11,1.385,4.662,6.047
static,680000,1,11,1.240,11.694,12.935
static,2040000,8,11,3.872,2.194,6.066
static,680000,4,11,1.257,3.671,4.928
static,2040000,3,11,3.915,4.304,8.219
static,322000,1,11,0.594,11.712,12.306
static,322000,8,11,0.584,1.910,2.494
static,2040000,2,11,3.881,5.882,9.763
static,680000,7,11,1.395,2.160,3.555
static,322000,4,12,0.731,3.478,4.209
static,322000,5,12,0.595,4.188,4.783
static,2040000,4,12,3.870,3.467,7.338
static,322000,1,12,0.599,11.450,12.049
static,680000,5,12,1.241,3.010,4.251
static,322000,8,12,0.592,1.990,2.582
static,680000,2,12,1.247,6.978,8.225
static,2040000,6,12,3.861,2.527,6.388
static,2040000,2,12,3.872,6.955,10.827
static,680000,7,12,1.238,2.415,3.653
static,680000,1,12,1.241,11.464,12.705
static,680000,3,12,1.355,5.226,6.581
static,322000,6,12,0.589,3.878,4.467
static,680000,8,12,1.241,2.274,3.514
static,680000,4,12,1.241,3.906,5.147
static,322000,3,12,0.709,4.653,5.362
static,322000,2,12,0.591,6.958,7.549
static,680000,6,12,1.247,2.085,3.332
static,2040000,8,12,3.860,1.912,5.771
static,2040000,5,12,3.879,2.864,6.742
static,2040000,3,12,3.860,4.649,8.509
static,322000,7,12,0.584,2.113,2.697
static,2040000,1,12,3.863,11.273,15.136
static,2040000,7,12,3.851,2.403,6.255
static,680000,8,13,1.379,2.947,4.325
static,680000,1,13,1.374,11.336,12.711
static,2040000,7,13,3.738,2.216,5.955
static,2040000,3,13,3.856,4.461,8.317
static,322000,7,13,0.587,2.117,2.704
static,680000,6,13,1.240,2.413,3.653
static,680000,3,13,1.240,4.663,5.903
static,322000,1,13,0.589,11.292,11.880
static,680000,2,13,1.248,5.648,6.896
static,322000,5,13,0.588,2.904,3.492
static,322000,6,13,0.591,2.395,2.985
static,2040000,1,13,3.858,11.491,15.349
static,322000,4,13,0.588,3.420,4.008
static,680000,7,13,1.237,2.571,3.808
static,2040000,6,13,3.859,2.509,6.368
static,322000,2,13,0.597,6.988,7.586
static,322000,3,13,0.836,5.601,6.436
static,2040000,8,13,4.006,2.536,6.541
static,2040000,4,13,3.859,4.108,7.968
static,680000,4,13,1.238,3.502,4.740
static,322000,8,13,0.708,1.856,2.564
static,680000,5,13,1.239,3.345,4.584
static,2040000,2,13,3.883,5.846,9.729
static,2040000,5,13,3.842,2.457,6.299
static,322000,8,14,0.711,1.875,2.586
static,680000,2,14,1.239,6.969,8.207
static,2040000,3,14,3.877,5.158,9.035
static,322000,4,14,0.596,5.378,5.974
static,322000,1,14,0.584,11.699,12.283
static,680000,7,14,1.379,2.311,3.690
static,322000,6,14,0.585,2.379,2.964
static,2040000,5,14,3.872,3.493,7.365
static,680000,1,14,1.242,11.711,12.954
static,2040000,6,14,3.870,3.692,7.562
static,680000,8,14,1.238,2.367,3.605
static,322000,2,14,0.585,6.982,7.567
static,680000,6,14,1.237,2.879,4.116
static,322000,3,14,0.593,4.647,5.240
static,2040000,8,14,3.748,1.794,5.542
static,2040000,7,14,3.880,2.134,6.014
static,680000,3,14,1.257,4.661,5.918
static,2040000,1,14,3.877,11.649,15.525
static,322000,7,14,0.588,3.149,3.736
static,2040000,2,14,3.857,6.977,10.834
static,2040000,4,14,3.873,3.669,7.542
static,680000,5,14,1.247,4.257,5.505
static,322000,5,14,0.592,2.843,3.435
static,680000,4,14,1.244,3.921,5.165
