init_domain,threads,rep,parallel_ms
CCX0,3,0,3.042
CCX0,2,0,3.658
CCX0,4,0,1.919
CCX0,1,0,7.249
CCX0,1,1,7.217
CCX0,2,1,4.526
CCX0,3,1,4.900
CCX0,4,1,3.721
CCX0,3,2,3.463
CCX0,1,2,7.222
CCX0,4,2,2.427
CCX0,2,2,4.550
CCX0,3,3,4.712
CCX0,4,3,3.627
CCX0,2,3,4.516
CCX0,1,3,7.342
CCX0,1,4,7.601
CCX0,4,4,1.863
CCX0,3,4,3.043
CCX0,2,4,4.538
CCX0,4,5,2.319
CCX0,3,5,3.056
CCX0,2,5,4.608
CCX0,1,5,7.179
CCX0,4,6,2.407
CCX0,1,6,7.241
CCX0,2,6,3.667
CCX0,3,6,4.597
CCX0,3,7,3.129
CCX0,4,7,3.600
CCX0,2,7,5.047
CCX0,1,7,7.158
CCX0,1,8,7.149
CCX0,2,8,3.638
CCX0,3,8,5.221
CCX0,4,8,3.906
CCX0,2,9,4.488
CCX0,4,9,2.301
CCX0,3,9,3.038
CCX0,1,9,7.179
CCX0,4,10,2.483
CCX0,3,10,3.011
CCX0,2,10,4.513
CCX0,1,10,7.187
CCX1,3,0,3.722
CCX1,2,0,3.659
CCX1,4,0,1.902
CCX1,1,0,7.274
CCX1,1,1,7.261
CCX1,2,1,4.244
CCX1,3,1,4.445
CCX1,4,1,3.650
CCX1,3,2,3.448
CCX1,1,2,7.128
CCX1,4,2,3.630
CCX1,2,2,4.115
CCX1,3,3,4.358
CCX1,4,3,3.584
CCX1,2,3,4.125
CCX1,1,3,7.112
CCX1,1,4,7.124
CCX1,4,4,2.756
CCX1,3,4,3.078
CCX1,2,4,4.250
CCX1,4,5,2.843
CCX1,3,5,3.199
CCX1,2,5,4.284
CCX1,1,5,7.123
CCX1,4,6,2.737
CCX1,1,6,7.099
CCX1,2,6,4.367
CCX1,3,6,3.455
CCX1,3,7,2.913
CCX1,4,7,2.877
CCX1,2,7,4.652
CCX1,1,7,7.197
CCX1,1,8,7.117
CCX1,2,8,4.369
CCX1,3,8,3.229
CCX1,4,8,2.705
CCX1,2,9,4.173
CCX1,4,9,2.778
CCX1,3,9,2.996
CCX1,1,9,7.108
CCX1,4,10,4.491
CCX1,3,10,2.935
CCX1,2,10,4.162
CCX1,1,10,7.098
