cpu,parallel_ms,serial_ms
0,7.273,0.384
0,7.284,0.383
0,7.286,0.385
0,7.276,0.381
0,7.296,0.381
0,7.269,0.381
0,7.216,0.381
1,7.155,0.382
1,7.146,0.382
1,7.141,0.385
1,7.142,0.385
1,7.173,0.385
1,7.168,0.386
1,7.155,0.386
2,7.314,0.383
2,7.331,0.384
2,7.304,0.384
2,7.361,0.387
2,7.339,0.386
2,7.315,0.388
2,7.298,0.384
3,7.373,0.385
3,7.370,0.388
3,7.557,0.388
3,7.353,0.386
3,7.356,0.386
3,7.344,0.388
3,7.374,0.388
4,11.490,0.590
4,11.500,0.585
4,11.478,0.587
4,11.472,0.589
4,11.343,0.716
4,11.474,0.707
4,11.319,0.588
5,11.156,0.588
5,11.222,0.591
5,11.207,0.588
5,11.207,0.592
5,11.136,0.594
5,11.680,0.588
5,11.164,0.587
6,10.982,0.590
6,10.978,0.591
6,11.069,0.587
6,11.939,0.593
6,10.969,0.586
6,11.038,0.586
6,10.971,0.591
7,11.213,0.586
7,11.135,0.591
7,11.139,0.584
7,11.142,0.589
7,11.154,0.584
7,11.120,0.588
7,11.102,0.587
8,10.975,0.591
8,11.071,0.588
8,10.993,0.590
8,11.033,0.590
8,11.002,0.590
8,11.085,0.588
8,11.008,0.591
9,10.969,0.587
9,10.974,0.589
9,10.992,0.589
9,10.975,0.588
9,10.961,0.586
9,10.955,0.584
9,10.971,0.588
10,11.218,0.587
10,11.217,0.587
10,11.215,0.587
10,11.167,0.588
10,11.213,0.586
10,11.183,0.589
10,11.034,0.585
11,11.043,0.588
11,10.996,0.585
11,11.032,0.591
11,11.087,0.585
11,11.006,0.591
11,11.013,0.592
11,11.071,0.591
