layout,threads,rep,parallel_ms
ccx1_only,7,0,2.220
ccx1_only,3,0,5.267
ccx1_only,2,0,7.944
ccx1_only,8,0,2.218
ccx1_only,6,0,2.612
ccx1_only,4,0,3.981
ccx1_only,1,0,15.702
ccx1_only,5,0,4.048
ccx1_only,7,1,2.958
ccx1_only,3,1,5.302
ccx1_only,6,1,2.849
ccx1_only,1,1,13.808
ccx1_only,5,1,3.213
ccx1_only,4,1,3.969
ccx1_only,8,1,2.277
ccx1_only,2,1,6.828
ccx1_only,5,2,2.999
ccx1_only,4,2,3.811
ccx1_only,6,2,2.867
ccx1_only,3,2,4.564
ccx1_only,8,2,2.198
ccx1_only,2,2,5.950
ccx1_only,7,2,2.491
ccx1_only,1,2,11.348
ccx1_only,1,3,11.453
ccx1_only,2,3,6.446
ccx1_only,3,3,6.626
ccx1_only,7,3,2.461
ccx1_only,8,3,3.689
ccx1_only,6,3,2.392
ccx1_only,5,3,2.865
ccx1_only,4,3,3.279
ccx1_only,2,4,6.107
ccx1_only,5,4,2.713
ccx1_only,3,4,4.050
ccx1_only,8,4,2.305
ccx1_only,1,4,11.257
ccx1_only,4,4,3.445
ccx1_only,7,4,2.416
ccx1_only,6,4,2.192
ccx1_only,2,5,6.095
ccx1_only,7,5,2.054
ccx1_only,6,5,2.633
ccx1_only,4,5,3.173
ccx1_only,5,5,4.002
ccx1_only,8,5,2.298
ccx1_only,1,5,11.407
ccx1_only,3,5,4.380
ccx1_only,5,6,3.108
ccx1_only,6,6,4.470
ccx1_only,1,6,11.422
ccx1_only,4,6,3.525
ccx1_only,2,6,6.367
ccx1_only,8,6,2.060
ccx1_only,3,6,4.138
ccx1_only,7,6,2.383
ccx1_only,1,7,11.348
ccx1_only,2,7,5.995
ccx1_only,7,7,2.066
ccx1_only,6,7,2.692
ccx1_only,5,7,3.077
ccx1_only,4,7,3.512
ccx1_only,3,7,4.486
ccx1_only,8,7,2.366
ccx1_only,4,8,3.509
ccx1_only,2,8,6.196
ccx1_only,5,8,2.727
ccx1_only,8,8,2.034
ccx1_only,6,8,2.344
ccx1_only,7,8,3.887
ccx1_only,1,8,11.455
ccx1_only,3,8,4.317
span_init_ccx0,7,0,2.009
span_init_ccx0,3,0,3.031
span_init_ccx0,2,0,3.683
span_init_ccx0,8,0,1.558
span_init_ccx0,6,0,2.475
span_init_ccx0,4,0,2.283
span_init_ccx0,1,0,7.259
span_init_ccx0,5,0,2.786
span_init_ccx0,7,1,2.181
span_init_ccx0,3,1,3.047
span_init_ccx0,6,1,2.037
span_init_ccx0,1,1,7.279
span_init_ccx0,5,1,2.813
span_init_ccx0,4,1,2.330
span_init_ccx0,8,1,2.368
span_init_ccx0,2,1,3.692
span_init_ccx0,5,2,2.385
span_init_ccx0,4,2,2.282
span_init_ccx0,6,2,1.927
span_init_ccx0,3,2,3.098
span_init_ccx0,8,2,1.952
span_init_ccx0,2,2,4.575
span_init_ccx0,7,2,2.067
span_init_ccx0,1,2,7.294
span_init_ccx0,1,3,7.278
span_init_ccx0,2,3,3.685
span_init_ccx0,3,3,4.906
span_init_ccx0,7,3,2.347
span_init_ccx0,8,3,3.159
span_init_ccx0,6,3,2.436
span_init_ccx0,5,3,2.781
span_init_ccx0,4,3,2.295
span_init_ccx0,2,4,4.558
span_init_ccx0,5,4,2.302
span_init_ccx0,3,4,3.148
span_init_ccx0,8,4,2.032
span_init_ccx0,1,4,7.315
span_init_ccx0,4,4,2.315
span_init_ccx0,7,4,2.138
span_init_ccx0,6,4,2.442
span_init_ccx0,2,5,4.561
span_init_ccx0,7,5,2.269
span_init_ccx0,6,5,2.424
span_init_ccx0,4,5,2.290
span_init_ccx0,5,5,3.804
span_init_ccx0,8,5,2.115
span_init_ccx0,1,5,7.227
span_init_ccx0,3,5,3.872
span_init_ccx0,5,6,2.326
span_init_ccx0,6,6,3.257
span_init_ccx0,1,6,7.357
span_init_ccx0,4,6,2.356
span_init_ccx0,2,6,4.572
span_init_ccx0,8,6,2.301
span_init_ccx0,3,6,3.089
span_init_ccx0,7,6,2.381
span_init_ccx0,1,7,7.270
span_init_ccx0,2,7,4.603
span_init_ccx0,7,7,2.424
span_init_ccx0,6,7,2.483
span_init_ccx0,5,7,2.791
span_init_ccx0,4,7,2.315
span_init_ccx0,3,7,3.080
span_init_ccx0,8,7,2.219
span_init_ccx0,4,8,2.296
span_init_ccx0,2,8,4.621
span_init_ccx0,5,8,2.380
span_init_ccx0,8,8,2.357
span_init_ccx0,6,8,2.352
span_init_ccx0,7,8,3.277
span_init_ccx0,1,8,7.274
span_init_ccx0,3,8,3.083
span_init_ccx1,7,0,1.999
span_init_ccx1,3,0,4.157
span_init_ccx1,2,0,5.992
span_init_ccx1,8,0,2.105
span_init_ccx1,6,0,2.342
span_init_ccx1,4,0,3.339
span_init_ccx1,1,0,11.311
span_init_ccx1,5,0,3.659
span_init_ccx1,7,1,2.197
span_init_ccx1,3,1,4.397
span_init_ccx1,6,1,2.664
span_init_ccx1,1,1,11.298
span_init_ccx1,5,1,2.764
span_init_ccx1,4,1,3.194
span_init_ccx1,8,1,1.870
span_init_ccx1,2,1,6.259
span_init_ccx1,5,2,2.848
span_init_ccx1,4,2,3.497
span_init_ccx1,6,2,2.385
span_init_ccx1,3,2,4.638
span_init_ccx1,8,2,1.869
span_init_ccx1,2,2,6.943
span_init_ccx1,7,2,2.650
span_init_ccx1,1,2,11.321
span_init_ccx1,1,3,11.328
span_init_ccx1,2,3,6.266
span_init_ccx1,3,3,5.770
span_init_ccx1,7,3,2.165
span_init_ccx1,8,3,2.170
span_init_ccx1,6,3,2.322
span_init_ccx1,5,3,3.005
span_init_ccx1,4,3,3.274
span_init_ccx1,2,4,5.899
span_init_ccx1,5,4,3.132
span_init_ccx1,3,4,4.207
span_init_ccx1,8,4,1.859
span_init_ccx1,1,4,11.289
span_init_ccx1,4,4,3.409
span_init_ccx1,7,4,2.366
span_init_ccx1,6,4,2.532
span_init_ccx1,2,5,6.071
span_init_ccx1,7,5,2.617
span_init_ccx1,6,5,1.854
span_init_ccx1,4,5,3.107
span_init_ccx1,5,5,2.821
span_init_ccx1,8,5,2.002
span_init_ccx1,1,5,11.278
span_init_ccx1,3,5,4.328
span_init_ccx1,5,6,2.652
span_init_ccx1,6,6,3.101
span_init_ccx1,1,6,11.178
span_init_ccx1,4,6,3.130
span_init_ccx1,2,6,6.195
span_init_ccx1,8,6,2.446
span_init_ccx1,3,6,4.139
span_init_ccx1,7,6,2.476
span_init_ccx1,1,7,11.201
span_init_ccx1,2,7,6.095
span_init_ccx1,7,7,2.176
span_init_ccx1,6,7,2.660
span_init_ccx1,5,7,3.026
span_init_ccx1,4,7,3.488
span_init_ccx1,3,7,4.398
span_init_ccx1,8,7,1.900
span_init_ccx1,4,8,3.511
span_init_ccx1,2,8,5.893
span_init_ccx1,5,8,3.081
span_init_ccx1,8,8,2.085
span_init_ccx1,6,8,2.377
span_init_ccx1,7,8,2.702
span_init_ccx1,1,8,11.291
span_init_ccx1,3,8,4.206
alternating,7,0,2.097
alternating,3,0,4.734
alternating,2,0,7.171
alternating,8,0,1.981
alternating,6,0,2.443
alternating,4,0,3.582
alternating,1,0,7.275
alternating,5,0,2.839
alternating,7,1,2.179
alternating,3,1,4.902
alternating,6,1,2.610
alternating,1,1,7.204
alternating,5,1,2.835
alternating,4,1,3.570
alternating,8,1,2.207
alternating,2,1,6.515
alternating,5,2,3.032
alternating,4,2,3.332
alternating,6,2,2.664
alternating,3,2,4.169
alternating,8,2,1.898
alternating,2,2,6.126
alternating,7,2,2.360
alternating,1,2,7.243
alternating,1,3,7.197
alternating,2,3,6.274
alternating,3,3,4.642
alternating,7,3,2.171
alternating,8,3,2.826
alternating,6,3,2.464
alternating,5,3,2.881
alternating,4,3,3.536
alternating,2,4,6.226
alternating,5,4,2.870
alternating,3,4,4.372
alternating,8,4,2.013
alternating,1,4,7.199
alternating,4,4,3.423
alternating,7,4,2.047
alternating,6,4,2.768
alternating,2,5,6.035
alternating,7,5,2.180
alternating,6,5,2.432
alternating,4,5,3.205
alternating,5,5,2.964
alternating,8,5,1.896
alternating,1,5,7.359
alternating,3,5,3.852
alternating,5,6,2.817
alternating,6,6,3.658
alternating,1,6,7.213
alternating,4,6,3.425
alternating,2,6,5.637
alternating,8,6,2.042
alternating,3,6,4.781
alternating,7,6,2.246
alternating,1,7,7.199
alternating,2,7,7.579
alternating,7,7,2.227
alternating,6,7,2.461
alternating,5,7,3.442
alternating,4,7,3.606
alternating,3,7,4.748
alternating,8,7,2.041
alternating,4,8,3.612
alternating,2,8,7.641
alternating,5,8,2.949
alternating,8,8,2.125
alternating,6,8,2.486
alternating,7,8,2.126
alternating,1,8,7.997
alternating,3,8,4.161
