bytes_mb,threads,rep,parallel_ms
2,7,0,0.733
2,3,0,0.767
2,2,0,0.923
2,8,0,0.636
2,6,0,0.830
2,4,0,0.588
2,1,0,1.865
2,5,0,1.275
2,7,1,0.859
2,3,1,0.896
2,6,1,0.716
2,1,1,1.878
2,5,1,1.017
2,4,1,0.604
2,8,1,0.570
2,2,1,1.168
2,5,2,0.970
2,4,2,0.584
2,6,2,0.684
2,3,2,0.797
2,8,2,0.588
2,2,2,1.180
2,7,2,0.628
2,1,2,1.890
2,1,3,1.848
2,2,3,1.168
2,3,3,1.243
2,7,3,0.652
2,8,3,0.783
2,6,3,0.838
2,5,3,1.118
2,4,3,0.584
2,2,4,1.181
2,5,4,0.858
2,3,4,0.815
2,8,4,0.581
2,1,4,1.909
2,4,4,0.593
2,7,4,0.616
2,6,4,0.864
2,2,5,1.173
2,7,5,0.639
2,6,5,0.864
2,4,5,0.595
2,5,5,1.166
2,8,5,0.674
2,1,5,1.890
2,3,5,0.807
2,5,6,0.836
2,6,6,0.975
2,1,6,1.843
2,4,6,0.593
2,2,6,1.168
2,8,6,0.617
2,3,6,0.807
2,7,6,0.628
2,1,7,1.838
2,2,7,1.172
2,7,7,0.735
2,6,7,0.845
2,5,7,1.008
2,4,7,0.604
2,3,7,0.789
2,8,7,0.605
2,4,8,0.597
2,2,8,1.182
2,5,8,0.836
2,8,8,0.678
2,6,8,0.865
2,7,8,0.876
2,1,8,1.843
2,3,8,0.828
8,7,0,2.141
8,3,0,3.354
8,2,0,4.016
8,8,0,1.649
8,6,0,2.350
8,4,0,2.508
8,1,0,7.768
8,5,0,3.823
8,7,1,2.065
8,3,1,3.825
8,6,1,2.847
8,1,1,8.215
8,5,1,2.561
8,4,1,2.563
8,8,1,1.886
8,2,1,5.065
8,5,2,2.408
8,4,2,2.500
8,6,2,1.941
8,3,2,3.349
8,8,2,2.137
8,2,2,5.057
8,7,2,1.668
8,1,2,7.806
8,1,3,7.603
8,2,3,4.750
8,3,3,3.364
8,7,3,2.241
8,8,3,2.967
8,6,3,2.478
8,5,3,2.926
8,4,3,2.430
8,2,4,4.806
8,5,4,2.337
8,3,4,3.226
8,8,4,1.946
8,1,4,7.628
8,4,4,2.389
8,7,4,2.157
8,6,4,2.369
8,2,5,4.811
8,7,5,2.204
8,6,5,2.482
8,4,5,2.440
8,5,5,3.953
8,8,5,2.517
8,1,5,7.706
8,3,5,3.183
8,5,6,2.354
8,6,6,3.876
8,1,6,7.699
8,4,6,2.823
8,2,6,4.667
8,8,6,2.366
8,3,6,3.311
8,7,6,2.033
8,1,7,7.599
8,2,7,4.722
8,7,7,2.083
8,6,7,2.319
8,5,7,2.797
8,4,7,2.403
8,3,7,3.222
8,8,7,2.355
8,4,8,2.474
8,2,8,3.967
8,5,8,2.399
8,8,8,1.824
8,6,8,2.360
8,7,8,3.158
8,1,8,7.727
8,3,8,3.206
16,7,0,4.110
16,3,0,7.023
16,2,0,8.047
16,8,0,3.158
16,6,0,4.785
16,4,0,5.032
16,1,0,15.452
16,5,0,7.705
16,7,1,4.728
16,3,1,6.349
16,6,1,3.862
16,1,1,15.181
16,5,1,5.719
16,4,1,5.002
16,8,1,3.277
16,2,1,9.678
16,5,2,4.619
16,4,2,4.905
16,6,2,3.867
16,3,2,7.342
16,8,2,3.837
16,2,2,9.742
16,7,2,3.413
16,1,2,15.366
16,1,3,14.770
16,2,3,9.181
16,3,3,6.752
16,7,3,4.102
16,8,3,5.264
16,6,3,5.344
16,5,3,5.674
16,4,3,5.223
16,2,4,7.825
16,5,4,4.599
16,3,4,6.558
16,8,4,3.464
16,1,4,15.391
16,4,4,5.396
16,7,4,3.680
16,6,4,4.784
16,2,5,10.286
16,7,5,3.409
16,6,5,4.866
16,4,5,4.885
16,5,5,6.247
16,8,5,3.682
16,1,5,15.545
16,3,5,5.481
16,5,6,5.043
16,6,6,5.585
16,1,6,15.090
16,4,6,5.385
16,2,6,9.487
16,8,6,3.664
16,3,6,6.453
16,7,6,3.301
16,1,7,15.258
16,2,7,9.350
16,7,7,3.519
16,6,7,4.887
16,5,7,5.647
16,4,7,4.980
16,3,7,6.471
16,8,7,3.642
16,4,8,4.994
16,2,8,9.742
16,5,8,4.752
16,8,8,3.673
16,6,8,4.748
16,7,8,5.289
16,1,8,15.510
16,3,8,5.814
64,7,0,16.803
64,3,0,28.338
64,2,0,30.755
64,8,0,12.121
64,6,0,18.527
64,4,0,20.734
64,1,0,59.508
64,5,0,19.324
64,7,1,16.744
64,3,1,21.400
64,6,1,16.761
64,1,1,59.595
64,5,1,18.683
64,4,1,19.264
64,8,1,11.993
64,2,1,39.724
64,5,2,19.908
64,4,2,20.282
64,6,2,15.198
64,3,2,26.730
64,8,2,12.123
64,2,2,39.891
64,7,2,13.956
64,1,2,59.308
64,1,3,57.842
64,2,3,29.328
64,3,3,21.414
64,7,3,13.611
64,8,3,14.311
64,6,3,18.515
64,5,3,19.049
64,4,3,20.428
64,2,4,39.132
64,5,4,19.252
64,3,4,26.665
64,8,4,12.119
64,1,4,59.694
64,4,4,18.848
64,7,4,13.091
64,6,4,19.159
64,2,5,39.439
64,7,5,13.663
64,6,5,18.959
64,4,5,20.503
64,5,5,19.720
64,8,5,14.929
64,1,5,59.334
64,3,5,20.527
64,5,6,18.217
64,6,6,16.836
64,1,6,58.826
64,4,6,20.375
64,2,6,37.791
64,8,6,12.617
64,3,6,27.345
64,7,6,13.586
64,1,7,60.524
64,2,7,29.731
64,7,7,16.194
64,6,7,20.710
64,5,7,24.004
64,4,7,16.242
64,3,7,21.752
64,8,7,13.319
64,4,8,17.482
64,2,8,32.283
64,5,8,22.050
64,8,8,16.470
64,6,8,19.595
64,7,8,16.599
64,1,8,58.389
64,3,8,19.705
